frequency_mhz,flux_jy
1419.0,-0.39874196209989177
1419.0009770395702,0.4553107193169313
1419.0019540791402,0.1914692714437894
1419.0029311187104,-0.1999968178807099
1419.0039081582804,-1.3951801007213562
1419.0048851978506,-1.1284711809673693
1419.0058622374206,1.0150994467304637
1419.0068392769908,0.09872798092337919
1419.0078163165608,1.6730762945088475
1419.008793356131,-1.5018096356856663
1419.009770395701,0.5673134475424535
1419.0107474352712,0.7412726012903029
1419.0117244748412,-0.11590335845200687
1419.0127015144114,-0.11493211692258164
1419.0136785539814,-0.9470446609939223
1419.0146555935517,-0.7826095641969599
1419.0156326331216,-0.011842075005866393
1419.0166096726919,0.7363285524838726
1419.0175867122618,0.05717762542274131
1419.018563751832,-0.5693523476630856
1419.019540791402,1.9751476373082806
1419.0205178309723,0.23611860723507233
1419.0214948705423,-0.16707243296943594
1419.0224719101125,-0.10578672733685864
1419.0234489496825,0.25712588813933207
1419.0244259892527,0.1553656822917426
1419.0254030288227,-0.445621356996865
1419.0263800683929,0.02458558613240106
1419.0273571079629,0.12224181028832624
1419.028334147533,1.3960023093241234
1419.029311187103,-0.49226561904245636
1419.0302882266733,1.007038389003338
1419.0312652662433,0.506700928093365
1419.0322423058135,-0.0909084234937966
1419.0332193453835,0.18508930456128017
1419.0341963849537,-1.3248295118746904
1419.0351734245237,-0.04353903930030433
1419.036150464094,-2.7071577257163675
1419.037127503664,-0.5173695484060031
1419.038104543234,-0.6015109304844162
1419.039081582804,0.03012685878904063
1419.0400586223743,0.5582169815890946
1419.0410356619443,-1.183602365121776
1419.0420127015145,0.4336757645720581
1419.0429897410845,0.3236861631521636
1419.0439667806547,1.8057826232249141
1419.0449438202247,0.3375978304206846
1419.045920859795,0.33884564379353865
1419.046897899365,-0.9515081537890604
1419.0478749389351,-1.4293865598656716
1419.0488519785051,-0.7911512837975073
1419.0498290180753,1.7406881054763526
1419.0508060576453,1.5850153093095425
1419.0517830972155,0.9201727603873933
1419.0527601367855,-0.786165049282938
1419.0537371763558,1.0483742402043676
1419.0547142159257,0.87320414929104
1419.055691255496,-0.37928892554985666
1419.056668295066,-0.5441312921579209
1419.0576453346362,0.020315413420147567
1419.0586223742062,0.18581690548519275
1419.0595994137764,1.1401810916091446
1419.0605764533464,-1.0414091471296798
1419.0615534929166,-1.6426240262954759
1419.0625305324866,0.9882615071817118
1419.0635075720568,-1.0547715321523299
1419.0644846116268,-1.63089579543064
1419.065461651197,-0.579486016247235
1419.066438690767,-1.4274814534895428
1419.0674157303372,1.9703150574242234
1419.0683927699072,-2.153411612892851
1419.0693698094774,-0.40236630652289385
1419.0703468490474,-0.14782894790795056
1419.0713238886176,-0.4530447608877781
1419.0723009281876,1.0424690023577257
1419.0732779677578,-0.8060226183767258
1419.0742550073278,-0.1883007241240052
1419.075232046898,0.0034564334000200293
1419.076209086468,-0.3613389694176355
1419.0771861260382,0.7240405554463604
1419.0781631656082,-2.0414748020757716
1419.0791402051784,-1.5534664577596813
1419.0801172447484,0.8225044156527741
1419.0810942843186,0.6967902238271253
1419.0820713238886,-1.1630643814293848
1419.0830483634588,-0.7433511233955896
1419.0840254030288,0.9525150129473172
1419.085002442599,0.7646141550342221
1419.085979482169,-0.8863505656843371
1419.0869565217392,-0.19940112022743905
1419.0879335613092,-0.1259084508854124
1419.0889106008794,-1.3976050287048347
1419.0898876404494,1.0535716410181686
1419.0908646800196,-0.20833041123378068
1419.0918417195896,1.5775878945513357
1419.0928187591599,-0.048340533354606495
1419.0937957987298,0.3623423410460961
1419.0947728383,-0.3972821886562886
1419.09574987787,0.2682883556082438
1419.0967269174403,0.04047992083023813
1419.0977039570103,-1.8252916073749754
1419.0986809965805,0.9547500327404561
1419.0996580361505,0.5921998038160258
1419.1006350757207,-0.6292538103877101
1419.1016121152907,-1.1762610654025127
1419.1025891548609,-1.1216555307186624
1419.1035661944309,0.774166401723702
1419.104543234001,1.2847004813804617
1419.105520273571,1.5198562565503397
1419.1064973131413,-0.794362796647674
1419.1074743527113,1.65852068837693
1419.1084513922815,-0.21684820021448256
1419.1094284318515,0.4344319115623959
1419.1104054714217,0.21146988717635107
1419.1113825109917,-1.2594883345170018
1419.112359550562,1.8374619272699824
1419.113336590132,-0.8413487056187194
1419.114313629702,-1.6183478700089908
1419.115290669272,1.753622434648053
1419.1162677088423,0.4764328116002176
1419.1172447484123,-0.5985398317697166
1419.1182217879825,0.7548703036434413
1419.1191988275525,0.6694808914185212
1419.1201758671227,-0.9043465641817066
1419.1211529066927,1.813663139881275
1419.122129946263,1.0456025147779326
1419.123106985833,0.5341974460609069
1419.1240840254031,-0.9326909354859514
1419.1250610649731,-1.4663062437321377
1419.1260381045433,-0.5956615937277577
1419.1270151441133,-1.2676351064458962
1419.1279921836835,0.15080777047958768
1419.1289692232535,-1.3663655504515915
1419.1299462628238,-0.06104477640942408
1419.1309233023937,-0.2084051631514223
1419.131900341964,1.2208380671855872
1419.132877381534,0.25415051235791514
1419.1338544211042,-0.7017427015563322
1419.1348314606741,-1.113157193420406
1419.1358085002444,0.873117958964204
1419.1367855398144,0.9807568868412159
1419.1377625793846,-0.5255518486914176
1419.1387396189546,-1.1971100513901078
1419.1397166585248,1.3129801957788962
1419.1406936980948,0.4597711783656159
1419.141670737665,-0.8921450654331305
1419.142647777235,0.027103044813317562
1419.1436248168052,0.589288583692882
1419.1446018563752,-0.3800998841270967
1419.1455788959454,-0.8140572967425627
1419.1465559355154,-0.3877904668537462
1419.1475329750856,0.008804360881112343
1419.1485100146556,1.2925350846897434
1419.1494870542258,1.4810871352227892
1419.1504640937958,0.47467930126756674
1419.151441133366,0.4822245131172829
1419.152418172936,0.02797679785416345
1419.1533952125062,-0.0255298382040949
1419.1543722520762,1.7872663719820177
1419.1553492916464,0.6217323026596189
1419.1563263312164,2.52262486947242
1419.1573033707866,0.07398952176352463
1419.1582804103566,0.44785912454987037
1419.1592574499268,1.0283429895393053
1419.1602344894968,0.4279140381922431
1419.161211529067,-0.47279600692866103
1419.162188568637,0.7991267049459916
1419.1631656082072,0.8838483566127554
1419.1641426477772,0.805190338483667
1419.1651196873474,0.71083659601715
1419.1660967269174,0.6540080874182818
1419.1670737664876,-0.455167757445611
1419.1680508060576,-0.025020220180253985
1419.1690278456279,-0.9868437496929404
1419.1700048851978,0.01079743984453257
1419.170981924768,0.6667688102488106
1419.171958964338,-0.2525010941629124
1419.1729360039083,0.00862180091206249
1419.1739130434783,0.13195033677010004
1419.1748900830485,-0.01311199168995678
1419.1758671226185,2.1504274660188063
1419.1768441621887,-0.24857508798448194
1419.1778212017587,1.458679048840311
1419.1787982413289,-0.7008881944013436
1419.1797752808989,0.4394944678587151
1419.180752320469,0.23718332478024604
1419.181729360039,0.3529227510325467
1419.1827063996093,-0.9869250455835289
1419.1836834391793,-1.3298243750730114
1419.1846604787495,1.1872066121635179
1419.1856375183195,0.3235742258403472
1419.1866145578897,-0.8750402633759893
1419.1875915974597,0.544297439577997
1419.18856863703,-0.7457006651675607
1419.1895456766,0.6345166309175462
1419.19052271617,-0.4404995161878654
1419.19149975574,-1.5768593526057664
1419.1924767953103,0.804371986120856
1419.1934538348803,-0.5765773424976648
1419.1944308744505,0.4293126285822054
1419.1954079140205,-0.17513554303752307
1419.1963849535907,-0.8529814589322016
1419.1973619931607,-2.6542875642895827
1419.198339032731,-1.7727749216800732
1419.199316072301,1.679720112013315
1419.2002931118711,-0.4421317535147495
1419.2012701514411,2.403684623902154
1419.2022471910113,-0.20795733850681727
1419.2032242305813,-0.41646047806493214
1419.2042012701515,0.7953475437639564
1419.2051783097215,-0.7300898087634756
1419.2061553492917,1.1570808000172936
1419.2071323888617,-0.12105461395762872
1419.208109428432,1.4789745761427404
1419.209086468002,1.0020223895529055
1419.2100635075722,0.6643591950451783
1419.2110405471421,-0.38864549705199974
1419.2120175867124,-0.2873602766984569
1419.2129946262824,-1.1884748111431163
1419.2139716658526,-1.4397281115712373
1419.2149487054226,1.6210252371764606
1419.2159257449928,0.3709610471666397
1419.2169027845628,-0.7459754962545975
1419.217879824133,-0.4683926209332889
1419.218856863703,1.123119189521548
1419.2198339032732,0.15444695628352353
1419.2208109428432,-0.6661562272236242
1419.2217879824134,-1.40250393793663
1419.2227650219834,1.1006372804785285
1419.2237420615536,0.13232907682940115
1419.2247191011236,-0.9036345816946731
1419.2256961406938,0.4807258641894005
1419.2266731802638,0.06586482426357627
1419.227650219834,0.059085832940411295
1419.228627259404,-0.002118166123524984
1419.2296042989742,0.371552908923284
1419.2305813385442,-1.0606252042597886
1419.2315583781144,-1.0540370261455532
1419.2325354176844,0.7348578166438973
1419.2335124572546,-0.9763500494113614
1419.2344894968246,-1.0652237673164786
1419.2354665363948,-0.6702737913561426
1419.2364435759648,0.8596835751536347
1419.237420615535,-1.9558257811662587
1419.238397655105,-0.47133693902599316
1419.2393746946752,1.123228482515321
1419.2403517342452,-1.6854959522703423
1419.2413287738154,-0.7389584514348614
1419.2423058133854,-2.1737486667460266
1419.2432828529556,-0.2793464322575712
1419.2442598925256,-1.01761195333891
1419.2452369320958,0.9872346630459264
1419.2462139716658,-0.03388500390223227
1419.247191011236,-2.048539034948969
1419.248168050806,2.1089030175820085
1419.2491450903763,-0.9763109198517124
1419.2501221299462,1.060270711508561
1419.2510991695165,0.15413123775549337
1419.2520762090865,1.7137077397071268
1419.2530532486567,0.8394665644410404
1419.2540302882267,0.16760112185399484
1419.2550073277969,0.006443640459156654
1419.2559843673669,-1.68018837418453
1419.256961406937,1.0258802103261702
1419.257938446507,-1.0358041766698851
1419.2589154860773,-0.4549173548523713
1419.2598925256473,0.6771808662691583
1419.2608695652175,1.2823462262385148
1419.2618466047875,1.5427734945106588
1419.2628236443577,2.2253840120524
1419.2638006839277,3.364154190828662
1419.264777723498,-0.3590008965327261
1419.265754763068,0.08512025582614768
1419.266731802638,-0.8428319680576242
1419.267708842208,-1.005717255379601
1419.2686858817783,1.0233865116230487
1419.2696629213483,0.26665776210231285
1419.2706399609185,-1.7374197744101652
1419.2716170004885,2.6097804747866875
1419.2725940400587,-1.4762124188814147
1419.2735710796287,-0.474753502559473
1419.274548119199,-0.6957980155295412
1419.275525158769,-0.7840111130715036
1419.2765021983391,0.8623963399358563
1419.2774792379091,0.2227583159778756
1419.2784562774793,0.0051893248015480835
1419.2794333170493,-1.4704866813005169
1419.2804103566195,0.43769431003840575
1419.2813873961895,1.364082778329792
1419.2823644357597,1.4694560169653654
1419.2833414753297,1.1929388713465252
1419.2843185149,-0.3053198356805078
1419.28529555447,-1.0427511206797289
1419.2862725940402,-1.5751379777376808
1419.2872496336101,0.5543180126187883
1419.2882266731804,0.782243909020107
1419.2892037127503,-1.9602519188706766
1419.2901807523206,-0.9583591832465065
1419.2911577918906,0.3447832601853251
1419.2921348314608,0.4789152030338935
1419.2931118710308,0.25528759781681865
1419.294088910601,-0.4180138235073835
1419.295065950171,-0.1355374517472282
1419.2960429897412,-1.0429183378131
1419.2970200293112,0.6694016000653726
1419.2979970688814,1.0215619796707471
1419.2989741084514,-1.3327514716136784
1419.2999511480216,2.401853139958465
1419.3009281875916,0.03819004132036319
1419.3019052271618,0.13795748929535148
1419.3028822667318,0.2812777310855467
1419.303859306302,-0.26372635349713297
1419.304836345872,-0.13870109984634865
1419.3058133854422,0.8374950696693435
1419.3067904250122,0.12765994780979398
1419.3077674645824,-0.37909153465568896
1419.3087445041524,-0.8150257176593053
1419.3097215437226,-1.3654594073553665
1419.3106985832926,1.0593710791556974
1419.3116756228628,-0.7986838358784961
1419.3126526624328,-0.00407803411789748
1419.313629702003,-0.20059407883236158
1419.314606741573,0.22316609340018886
1419.3155837811432,1.1139961225682595
1419.3165608207132,0.4702222855702325
1419.3175378602834,-1.7435358830897658
1419.3185148998534,0.8794388054897173
1419.3194919394236,1.8548662037445998
1419.3204689789936,0.3229818722133879
1419.3214460185638,0.7366225282095663
1419.3224230581338,1.4849879592366393
1419.323400097704,0.10442052541115436
1419.324377137274,-1.3169149929211947
1419.3253541768443,0.4322924949221907
1419.3263312164142,0.3688475222982164
1419.3273082559845,-0.1579658150193143
1419.3282852955545,0.2564684483503625
1419.3292623351247,0.11457088296623996
1419.3302393746947,-0.9318411132040222
1419.3312164142649,-0.12598828352757455
1419.3321934538349,0.2649530376413984
1419.333170493405,0.12110131264339451
1419.334147532975,-1.3557704725023279
1419.3351245725453,0.968294690761381
1419.3361016121153,-0.5867903578228206
1419.3370786516855,-0.07750253954301263
1419.3380556912555,-0.35251990385499066
1419.3390327308257,-0.6291948679178607
1419.3400097703957,0.23726406431779218
1419.340986809966,-0.8135034967148844
1419.341963849536,0.045129431574118514
1419.342940889106,0.22233778300052046
1419.343917928676,0.5704714316556274
1419.3448949682463,1.1028713676766302
1419.3458720078163,-0.46391376571668835
1419.3468490473865,-0.3285345903571945
1419.3478260869565,-0.8731112104297918
1419.3488031265267,-1.6084165743097691
1419.3497801660967,0.21897521336849843
1419.350757205667,0.8958914409482133
1419.351734245237,0.04680144207308573
1419.3527112848071,-0.17253172225825314
1419.3536883243771,0.26819507377432333
1419.3546653639473,1.998960007041287
1419.3556424035173,0.9631573020216627
1419.3566194430875,-0.6802465967170319
1419.3575964826575,-1.5581717673991347
1419.3585735222277,-0.4989771416944065
1419.3595505617977,-0.34519665890003104
1419.360527601368,-0.3655854706021999
1419.361504640938,-0.25434961348945867
1419.3624816805082,1.6763600690730887
1419.3634587200781,0.8911907939979987
1419.3644357596484,-0.2451665317734355
1419.3654127992183,1.183263284351573
1419.3663898387886,-0.027661777979202603
1419.3673668783586,-1.3583695182201012
1419.3683439179288,-0.4914413943574443
1419.3693209574988,1.7025592477819518
1419.370297997069,-0.14835884351722045
1419.371275036639,0.5292022633411372
1419.3722520762092,-0.592755029131046
1419.3732291157792,0.4297473264052754
1419.3742061553494,-0.9286883875808722
1419.3751831949194,-1.5473749786948408
1419.3761602344896,1.755790792894769
1419.3771372740596,0.7479422185576864
1419.3781143136298,0.3968305106120365
1419.3790913531998,-1.3269018397322943
1419.38006839277,-0.3446698698932154
1419.38104543234,0.4201426659103246
1419.3820224719102,1.623148355540174
1419.3829995114802,0.04713298360396593
1419.3839765510504,0.1646929628287786
1419.3849535906204,1.4348316501461476
1419.3859306301906,-1.4423692268595907
1419.3869076697606,-0.9673619280298003
1419.3878847093308,0.5420220697808491
1419.3888617489008,0.18344896307195335
1419.389838788471,0.15655261012024926
1419.390815828041,-0.7779533983180398
1419.3917928676112,0.44539031798620204
1419.3927699071812,0.02097096535383908
1419.3937469467514,-1.362870392430298
1419.3947239863214,-0.8847842361703795
1419.3957010258916,0.444859797317855
1419.3966780654616,0.43117379487421803
1419.3976551050318,-0.6607805331136402
1419.3986321446018,-0.5799527499157542
1419.399609184172,-0.5352219995270311
1419.400586223742,-0.3398211741626888
1419.4015632633123,1.1815254084905158
1419.4025403028822,-1.1269652756945505
1419.4035173424525,1.2146811125905785
1419.4044943820224,-1.092274293049842
1419.4054714215927,0.6871284068662881
1419.4064484611627,0.3977112162227164
1419.4074255007329,0.13015583242057413
1419.4084025403029,0.3579033759542501
1419.409379579873,0.8005210525328936
1419.410356619443,-0.8912714936447841
1419.4113336590133,0.77158903379395
1419.4123106985833,0.8701226229610801
1419.4132877381535,2.056769946720367
1419.4142647777235,0.638685004467371
1419.4152418172937,2.9705954457991814
1419.4162188568637,-1.050030662315843
1419.417195896434,0.9700607347277803
1419.4181729360039,-0.6246839724377459
1419.419149975574,-0.34444098212572927
1419.420127015144,0.1788600947759011
1419.4211040547143,-0.49311954026126104
1419.4220810942843,0.026019885557139587
1419.4230581338545,3.0571210271167373
1419.4240351734245,0.6348091696779901
1419.4250122129947,1.0532856740537648
1419.4259892525647,-0.5502991751008935
1419.426966292135,-1.469460487544472
1419.427943331705,-1.7798235902695947
1419.4289203712751,-0.32058644736031733
1419.4298974108451,-0.4092983395778416
1419.4308744504153,-1.1035674459453337
1419.4318514899853,-0.6090051526145248
1419.4328285295555,-2.09250070016034
1419.4338055691255,0.7109406617825296
1419.4347826086957,0.20479470716117776
1419.4357596482657,-0.08890841968672093
1419.436736687836,0.17214979307324035
1419.437713727406,1.2167508474592936
1419.4386907669762,1.5947672416539862
1419.4396678065461,-0.5708095104232944
1419.4406448461164,-0.12981464577497667
1419.4416218856863,-2.595228206975889
1419.4425989252566,-1.0307898655184478
1419.4435759648266,0.22024404016038823
1419.4445530043968,-1.2348131695139206
1419.4455300439668,-0.8224908944748478
1419.446507083537,1.3932259295069669
1419.447484123107,0.1112129951647687
1419.4484611626772,0.5791281794151709
1419.4494382022472,2.132972633990978
1419.4504152418174,0.6333350343329315
1419.4513922813874,-1.1517632963743363
1419.4523693209576,0.6007222969153883
1419.4533463605276,-0.6508898384335527
1419.4543234000978,-0.18894654457900378
1419.4553004396678,-2.1430169498619533
1419.456277479238,1.5155144673664678
1419.457254518808,-0.31277630378848664
1419.4582315583782,-0.6306404722111807
1419.4592085979482,0.15473784605908686
1419.4601856375184,0.32448426513551326
1419.4611626770884,-1.459963329724236
1419.4621397166586,-2.1343562004660455
1419.4631167562286,-0.34149958551714316
1419.4640937957988,-0.3045728197203994
1419.4650708353688,0.7136563448045752
1419.466047874939,-0.39221761406829975
1419.467024914509,-0.4753846654136147
1419.4680019540792,1.120338304078809
1419.4689789936492,-0.5351645200258911
1419.4699560332194,-0.8150662257656154
1419.4709330727894,-2.078232304080234
1419.4719101123596,0.2481053074640396
1419.4728871519296,0.5583497510208204
1419.4738641914998,-1.6096975950466725
1419.4748412310698,-0.09267593922175857
1419.47581827064,0.8162583189109925
1419.47679531021,1.9605714602179072
1419.4777723497803,-0.13216801443903026
1419.4787493893502,2.0357207839166493
1419.4797264289205,-1.2019103233840933
1419.4807034684904,-1.5136715824752272
1419.4816805080607,0.1171137765999303
1419.4826575476307,1.1060092008239952
1419.4836345872009,-0.3771972126902209
1419.4846116267709,0.8567446369846168
1419.485588666341,0.41546718045214054
1419.486565705911,-0.6748968797119471
1419.4875427454813,0.40094487224426517
1419.4885197850513,-1.9070299042514485
1419.4894968246215,0.9850686873543826
1419.4904738641915,-1.027266595087495
1419.4914509037617,0.3520020003147063
1419.4924279433317,2.385346360261494
1419.493404982902,0.3989437371447654
1419.4943820224719,-1.4413273070919683
1419.495359062042,0.629936244078963
1419.496336101612,1.4646145633136258
1419.4973131411823,-1.7988694455750895
1419.4982901807523,-0.644291349329406
1419.4992672203225,-1.2880291662323553
1419.5002442598925,-0.6946888269296255
1419.5012212994627,0.6107390714649407
1419.5021983390327,1.1033237953097688
1419.503175378603,-1.5387083996345607
1419.504152418173,0.5396577946196979
1419.5051294577431,-1.7227258722326297
1419.506106497313,0.3699927562254328
1419.5070835368833,-0.9191343144063967
1419.5080605764533,0.1189313074349136
1419.5090376160235,0.2319928619575747
1419.5100146555935,0.19803706522722503
1419.5109916951637,-0.40569029588439537
1419.5119687347337,-0.9902033895168961
1419.512945774304,0.6044071111744201
1419.513922813874,-0.40572754536964584
1419.5148998534441,-0.305039827231706
1419.5158768930141,0.9347500634744509
1419.5168539325844,0.9554361101675707
1419.5178309721543,-0.8357367713403252
1419.5188080117246,0.5657176750743091
1419.5197850512945,-0.40623067107233135
1419.5207620908648,-1.175463478174047
1419.5217391304348,1.2355392391006301
1419.522716170005,-0.6567246543563792
1419.523693209575,0.17408418456639738
1419.5246702491452,1.8586464548635844
1419.5256472887152,0.01781435554449589
1419.5266243282854,0.7186861107448498
1419.5276013678554,-0.22218535875939666
1419.5285784074256,-0.09177794028837591
1419.5295554469956,0.06081880068561251
1419.5305324865658,2.0358980512882496
1419.5315095261358,0.7649988667794002
1419.532486565706,-0.2900702980239048
1419.533463605276,-0.3083492731324837
1419.5344406448462,-1.3840568772380584
1419.5354176844162,-0.9948195303575122
1419.5363947239864,0.3873919252271796
1419.5373717635564,1.1529072838179968
1419.5383488031266,-1.8350356943205772
1419.5393258426966,1.0189381495468235
1419.5403028822668,0.6126132921982002
1419.5412799218368,0.6587703384517997
1419.542256961407,-1.283269700339902
1419.543234000977,-0.8538095497690139
1419.5442110405472,1.8406374764721343
1419.5451880801172,0.78795995505062
1419.5461651196874,0.737651930489502
1419.5471421592574,-0.40346390900386286
1419.5481191988276,2.4550278402245262
1419.5490962383976,0.5947531093739307
1419.5500732779678,0.12617590267764936
1419.5510503175378,-0.9324175088613603
1419.552027357108,0.17540517374235357
1419.553004396678,-1.0718026192917929
1419.5539814362483,-0.6754269025286983
1419.5549584758182,0.20851401661586216
1419.5559355153885,0.22486055794213622
1419.5569125549584,-1.1955752059705365
1419.5578895945287,0.6831585872606484
1419.5588666340986,1.4906189720173075
1419.5598436736689,-0.2784507827840376
1419.5608207132389,1.1305436926781058
1419.561797752809,-0.24114404271833453
1419.562774792379,0.4813031643830301
1419.5637518319493,-1.2520676766948324
1419.5647288715193,-1.3684189382997887
1419.5657059110895,0.8861570715445015
1419.5666829506595,0.5543448840442289
1419.5676599902297,-0.7205387971172701
1419.5686370297997,0.5520004078113784
1419.56961406937,1.1821421643400791
1419.5705911089399,-0.6575438317706134
1419.57156814851,-0.1648499649423827
1419.57254518808,-1.2530344088404761
1419.5735222276503,1.0955558632500086
1419.5744992672203,3.3209064549224743
1419.5754763067905,-0.05326769906710349
1419.5764533463605,0.9398755946323921
1419.5774303859307,-2.136962308302385
1419.5784074255007,0.49275782491186476
1419.579384465071,-3.5510298469715127
1419.580361504641,0.34565542989414444
1419.5813385442111,-0.8462886303039457
1419.582315583781,-0.8530653225889684
1419.5832926233513,0.6477606933243486
1419.5842696629213,0.8805241845743885
1419.5852467024915,-0.11390082832744734
1419.5862237420615,0.7393866994177611
1419.5872007816317,-0.18650328397107863
1419.5881778212017,-0.03407712627342658
1419.589154860772,1.409917244838233
1419.590131900342,1.3523375962690862
1419.5911089399121,2.0056117461205405
1419.5920859794821,0.705509192039305
1419.5930630190524,1.0064080832848004
1419.5940400586223,0.5152689955659648
1419.5950170981926,1.9523405533668718
1419.5959941377625,-0.589460174035497
1419.5969711773328,0.28228322806954376
1419.5979482169028,-1.7012371455739193
1419.598925256473,0.14070161263910838
1419.599902296043,0.8766077449339252
1419.6008793356132,-0.4910840471221523
1419.6018563751832,0.039753727115618594
1419.6028334147534,-0.4573803900479083
1419.6038104543234,2.548959300699945
1419.6047874938936,0.013919393630406049
1419.6057645334636,-1.2863101883720858
1419.6067415730338,-1.47458831238103
1419.6077186126038,0.00653027722882599
1419.608695652174,0.5597226861642743
1419.609672691744,-1.8362182254664345
1419.6106497313142,0.5916207265370759
1419.6116267708842,-1.7557563001655259
1419.6126038104544,-1.4054144413274168
1419.6135808500244,1.005933916439047
1419.6145578895946,0.11419347414114618
1419.6155349291646,0.32167656338721756
1419.6165119687348,-0.538768232496644
1419.6174890083048,0.38025051332167276
1419.618466047875,1.8240708295197572
1419.619443087445,2.0304224122336816
1419.6204201270152,2.5029660898822175
1419.6213971665852,-0.8717536475964967
1419.6223742061554,0.3061959854710227
1419.6233512457254,-0.23744421797735155
1419.6243282852956,0.2857601327927897
1419.6253053248656,-0.7583372043989411
1419.6262823644358,-0.8692710381346073
1419.6272594040058,-0.8396820150004802
1419.628236443576,0.5313273442168228
1419.629213483146,0.4005038015476671
1419.6301905227162,-0.6485027127761146
1419.6311675622862,-0.9033386252362671
1419.6321446018565,0.27169958977298286
1419.6331216414264,-0.8727926186918282
1419.6340986809967,-2.0791746890870346
1419.6350757205666,-0.24018340382779158
1419.6360527601369,-0.3858155761541082
1419.6370297997069,-0.400323799887851
1419.638006839277,0.5438829632267176
1419.638983878847,-0.3086441509159884
1419.6399609184173,-2.3766445562470424
1419.6409379579873,-2.1076754828954445
1419.6419149975575,-1.455070172559869
1419.6428920371275,-1.3808734701797925
1419.6438690766977,-2.2782983607156235
1419.6448461162677,-0.3857104752054169
1419.645823155838,0.14493743161082392
1419.6468001954079,0.6804281198880682
1419.647777234978,-0.3928858523933487
1419.648754274548,-0.043465137043448815
1419.6497313141183,-0.6563520463927046
1419.6507083536883,0.5728660104896157
1419.6516853932585,-0.40045901135020895
1419.6526624328285,0.2706011595980243
1419.6536394723987,-0.7056299720007804
1419.6546165119687,0.7071444353377886
1419.655593551539,0.041694315966584884
1419.656570591109,-0.4016713133615676
1419.6575476306791,0.5213877155765686
1419.658524670249,-0.937113974305712
1419.6595017098193,0.3758087292200204
1419.6604787493893,0.8178060535031131
1419.6614557889595,0.07046295162349232
1419.6624328285295,1.8554489415040059
1419.6634098680997,-0.37661399264562095
1419.6643869076697,0.02351770090975748
1419.66536394724,-1.2039546633002132
1419.66634098681,-0.10687381165194977
1419.6673180263801,-0.2753487858645103
1419.6682950659501,0.0820673552720214
1419.6692721055203,-0.6803638993310935
1419.6702491450903,0.7781600632588844
1419.6712261846606,-1.0993027465763765
1419.6722032242305,-1.5337666594042136
1419.6731802638008,0.8144871158577932
1419.6741573033707,0.4293255710289311
1419.675134342941,-0.1899550009261757
1419.676111382511,1.8755192477175944
1419.6770884220812,0.3083611223046583
1419.6780654616512,0.29569134613229553
1419.6790425012214,-0.9239835633109912
1419.6800195407914,-1.6035815271245213
1419.6809965803616,-0.125886331917182
1419.6819736199316,0.1834370821460325
1419.6829506595018,1.0634894382926774
1419.6839276990718,0.5148829123107326
1419.684904738642,1.8320427497638707
1419.685881778212,-1.3436547584656147
1419.6868588177822,0.06805259687420834
1419.6878358573522,-0.9831245158542407
1419.6888128969224,0.11047555983999319
1419.6897899364924,-0.7043601963889702
1419.6907669760626,-0.5716572700042495
1419.6917440156326,1.2094828843218626
1419.6927210552028,1.2382306276382236
1419.6936980947728,-0.021788390232288044
1419.694675134343,0.6656685369356876
1419.695652173913,-0.143800438100379
1419.6966292134832,-1.2149130212357737
1419.6976062530532,2.0233873933142106
1419.6985832926234,1.260111028396524
1419.6995603321934,1.0474753582896394
1419.7005373717636,1.0620908610167148
1419.7015144113336,0.8483884011441647
1419.7024914509038,-0.020805072977223348
1419.7034684904738,1.227068830367968
1419.704445530044,0.23900881661548903
1419.705422569614,-0.026156858491564766
1419.7063996091842,-0.44888609615192276
1419.7073766487542,-0.4800254510435122
1419.7083536883245,-0.19319412969284447
1419.7093307278944,1.5265149228533994
1419.7103077674647,-0.36036950994547945
1419.7112848070346,-1.3569064975379312
1419.7122618466049,0.377973353537252
1419.7132388861748,-0.01312793809638182
1419.714215925745,1.2194461631097133
1419.715192965315,0.40422512931891297
1419.7161700048853,-0.1588345558521849
1419.7171470444553,-0.88712809910366
1419.7181240840255,-0.34071401583722893
1419.7191011235955,-1.577913945330864
1419.7200781631657,-1.2283807127201294
1419.7210552027357,1.3204343227006432
1419.7220322423059,-1.4915038809043522
1419.7230092818759,2.3845541636378096
1419.723986321446,-0.4382717547422059
1419.724963361016,1.3391522944336884
1419.7259404005863,-0.04244173945888299
1419.7269174401563,-0.7274321128843302
1419.7278944797265,-0.3160926891281238
1419.7288715192965,-0.03855194776787826
1419.7298485588667,0.3502873860520806
1419.7308255984367,-0.1318091585034646
1419.731802638007,-0.9243184033047054
1419.732779677577,0.18123455694569804
1419.7337567171471,-0.6141695129851115
1419.734733756717,0.09141809379991318
1419.7357107962873,0.2013756629902615
1419.7366878358573,-0.21901497397958333
1419.7376648754275,0.08138549934308283
1419.7386419149975,0.767797340864992
1419.7396189545677,0.580791158139204
1419.7405959941377,0.039805551361609105
1419.741573033708,0.09521999764322284
1419.742550073278,-1.5799315124963862
1419.7435271128481,-0.9824013101613578
1419.7445041524181,-0.8883860615825669
1419.7454811919883,0.01221300345517141
1419.7464582315583,-0.7960325894955971
1419.7474352711286,-1.557625842797529
1419.7484123106985,-1.7395667986195533
1419.7493893502688,-0.2843436348648502
1419.7503663898387,2.3277776925050873
1419.751343429409,1.974690848556676
1419.752320468979,1.9164240080415607
1419.7532975085492,0.2363012925426607
1419.7542745481192,-2.34910735152364
1419.7552515876894,0.45093147081700563
1419.7562286272594,-0.8907061714479856
1419.7572056668296,0.9541545311548628
1419.7581827063996,-1.2618754902254605
1419.7591597459698,0.8778138155464531
1419.7601367855398,1.4116012584300242
1419.76111382511,1.191795970919216
1419.76209086468,2.765552523041929
1419.7630679042502,-0.6662672107213085
1419.7640449438202,-0.072556663034082
1419.7650219833904,0.8163872198685937
1419.7659990229604,0.5905753560331066
1419.7669760625306,-0.550488101410058
1419.7679531021006,1.4290553255457852
1419.7689301416708,0.9906718786597352
1419.7699071812408,-0.7193078316134062
1419.770884220811,-0.3263294932789032
1419.771861260381,-0.49299093821991014
1419.7728382999512,-0.17530075777549023
1419.7738153395212,-0.4492197467099296
1419.7747923790914,-1.5197095517366876
1419.7757694186614,2.5546849323668317
1419.7767464582316,-0.02892368105415302
1419.7777234978016,-0.29629578902451675
1419.7787005373718,0.03959806845756501
1419.7796775769418,1.204973774571398
1419.780654616512,0.8810326586225784
1419.781631656082,-0.8555422628553175
1419.7826086956522,-0.1834674679003503
1419.7835857352222,-1.2407759683072874
1419.7845627747924,0.7518504352867182
1419.7855398143624,-0.16542520710727843
1419.7865168539327,-1.049140707498004
1419.7874938935026,1.4372468214984835
1419.7884709330729,1.1850956995943673
1419.7894479726428,0.051192379781482736
1419.790425012213,-0.6841112671237451
1419.791402051783,-1.5470462301584038
1419.7923790913533,-0.7793336214155399
1419.7933561309233,-0.31730226963766317
1419.7943331704935,-1.3650712571244503
1419.7953102100635,0.14495290492765692
1419.7962872496337,0.030124122260080224
1419.7972642892037,-0.42140829800553603
1419.7982413287739,0.43099573378287953
1419.7992183683439,1.0704028958782164
1419.800195407914,-0.6112033802265154
1419.801172447484,-0.09516210457621606
1419.8021494870543,0.13943588974301158
1419.8031265266243,0.9819434053852377
1419.8041035661945,1.690425619655219
1419.8050806057645,-1.5387465570024559
1419.8060576453347,-1.0775115213335231
1419.8070346849047,0.3452807852902006
1419.808011724475,0.2746447498775021
1419.808988764045,0.7469558945218879
1419.8099658036151,0.16966397242738238
1419.810942843185,1.0255324117515647
1419.8119198827553,1.2650171109406592
1419.8128969223253,0.5024395960333614
1419.8138739618955,-0.7599277744890082
1419.8148510014655,-0.24492530407600568
1419.8158280410357,-0.269947184170963
1419.8168050806057,-0.0701206934043984
1419.817782120176,-1.0451126543436084
1419.818759159746,-1.0801039057050683
1419.8197361993161,-0.19162845028235473
1419.8207132388861,0.5996249958584186
1419.8216902784563,-1.9009464588428657
1419.8226673180263,-0.669798666248211
1419.8236443575965,-2.274054212641828
1419.8246213971665,0.589826811416738
1419.8255984367368,1.2768289526012135
1419.8265754763067,-0.9308445652240129
1419.827552515877,1.6713512303025606
1419.828529555447,0.7095986009055437
1419.8295065950172,-0.705061571134595
1419.8304836345872,1.2397979058515756
1419.8314606741574,0.9738016092287642
1419.8324377137274,0.9617298470208351
1419.8334147532976,-0.847286894999708
1419.8343917928676,0.7530926924478878
1419.8353688324378,1.4726339536478468
1419.8363458720078,-0.14676447260989575
1419.837322911578,-0.867965409253667
1419.838299951148,-0.9322291135643368
1419.8392769907182,-1.294878616552975
1419.8402540302882,-0.44240405065275223
1419.8412310698584,0.4302133901752614
1419.8422081094284,-0.25212479799084153
1419.8431851489986,0.4298331728041676
1419.8441621885686,-1.03154693369888
1419.8451392281388,-1.2467434014570926
1419.8461162677088,-0.47379620976593667
1419.847093307279,0.38796171163811594
1419.848070346849,-1.0287255213284552
1419.8490473864192,-1.4492214511274781
1419.8500244259892,0.9411143532578494
1419.8510014655594,1.1353163872069267
1419.8519785051294,-1.706572821352246
1419.8529555446996,-1.4934377814697222
1419.8539325842696,-0.2642460201888196
1419.8549096238398,-0.102057766317667
1419.8558866634098,0.5137157588537615
1419.85686370298,1.8459058807917597
1419.85784074255,-1.2507939514523154
1419.8588177821202,1.117045472294373
1419.8597948216902,-0.01489085724118887
1419.8607718612604,-0.6975576503354971
1419.8617489008304,2.352188472390964
1419.8627259404007,-0.6813094220467669
1419.8637029799706,-0.8773099953856004
1419.8646800195409,0.388423527516212
1419.8656570591108,-0.279183937557092
1419.866634098681,-0.5165921502452732
1419.867611138251,0.6179630924842312
1419.8685881778213,1.5030632941441546
1419.8695652173913,-1.3292889996255433
1419.8705422569615,-0.15083946611747465
1419.8715192965315,-0.7794269500151508
1419.8724963361017,-0.6808667165078264
1419.8734733756717,-1.2123861295798206
1419.8744504152419,0.37529377263062247
1419.8754274548119,0.3071892214241868
1419.876404494382,-0.2551392539270864
1419.877381533952,-0.6481384555919905
1419.8783585735223,0.29146802454870907
1419.8793356130923,-1.4771259430088004
1419.8803126526625,0.523966185865127
1419.8812896922325,0.08892454618572035
1419.8822667318027,0.5670269312138488
1419.8832437713727,-1.222394804188391
1419.884220810943,0.557317381560948
1419.885197850513,-1.2871518272152893
1419.886174890083,0.21473702097246727
1419.887151929653,0.01175219208698233
1419.8881289692233,0.5561676991342456
1419.8891060087933,-0.23986060529650455
1419.8900830483635,1.7681802500915436
1419.8910600879335,-0.8442522071055257
1419.8920371275037,0.5272310011430211
1419.8930141670737,-0.5151897619640621
1419.893991206644,-0.986824857196726
1419.894968246214,-0.8258730583528585
1419.8959452857841,1.05003302803513
1419.8969223253541,-0.33357356714947356
1419.8978993649243,-1.4607319966650663
1419.8988764044943,0.8764127805093629
1419.8998534440645,0.49510431629838847
1419.9008304836345,-0.6691076484864983
1419.9018075232048,0.09509698474726368
1419.9027845627747,-0.910173136616036
1419.903761602345,0.45859941630804285
1419.904738641915,0.3699217456695027
1419.9057156814852,-0.08371279754280762
1419.9066927210552,2.0698030687505584
1419.9076697606254,1.655083078613965
1419.9086468001954,-0.08683941112908919
1419.9096238397656,-1.5653930015485733
1419.9106008793356,-0.29576041966040617
1419.9115779189058,-0.4847283816543151
1419.9125549584758,0.46215436973142643
1419.913531998046,-0.8157986163750228
1419.914509037616,-0.1755052551378148
1419.9154860771862,1.6477471484926831
1419.9164631167562,-0.6531208856328631
1419.9174401563264,-1.7873538153916244
1419.9184171958964,-0.7001464554676233
1419.9193942354666,-0.015080185372392757
1419.9203712750366,-1.1458332121775758
1419.9213483146068,0.22731450296034544
1419.9223253541768,-1.1730714255571815
1419.923302393747,-0.5773310463123935
1419.924279433317,-0.1725174109423725
1419.9252564728872,0.5453648297765401
1419.9262335124572,-1.2047310133807536
1419.9272105520274,0.4286258103556204
1419.9281875915974,-2.1770624557022606
1419.9291646311676,0.2763787233187137
1419.9301416707376,-1.3685740453062791
1419.9311187103078,-2.2373518935491
1419.9320957498778,0.2576748723466451
1419.933072789448,-1.0446413355924158
1419.934049829018,-1.2892676002808072
1419.9350268685882,-1.6141631283080249
1419.9360039081582,-0.11551684464511525
1419.9369809477284,0.25915205805838987
1419.9379579872984,-0.3518781928320491
1419.9389350268686,-1.5908644031604022
1419.9399120664386,-1.4042451843093262
1419.9408891060089,-0.6554241617478397
1419.9418661455788,-1.1441371545917585
1419.942843185149,0.7671464574173219
1419.943820224719,-1.7368955668515544
1419.9447972642893,-0.09059210946660858
1419.9457743038593,0.4177093600096548
1419.9467513434295,0.10962140496937815
1419.9477283829995,0.6724510146758748
1419.9487054225697,-0.41585420945629836
1419.9496824621397,1.25252147426567
1419.9506595017099,-2.067619939170352
1419.9516365412799,2.0163948661000837
1419.95261358085,0.3956053771778726
1419.95359062042,0.00811484174591609
1419.9545676599903,0.7215154068516673
1419.9555446995603,0.2763163525578857
1419.9565217391305,0.38932933705629513
1419.9574987787005,0.032271977733996274
1419.9584758182707,-0.02609730333920408
1419.9594528578407,2.159900725573839
1419.960429897411,-0.3810811181392595
1419.961406936981,1.7571511364429389
1419.962383976551,-0.5341618135701094
1419.963361016121,-0.6949461261863473
1419.9643380556913,0.5019133106736502
1419.9653150952613,1.5573407487155
1419.9662921348315,0.5727062832420435
1419.9672691744015,0.14890290417276306
1419.9682462139717,-0.6619999759829386
1419.9692232535417,0.2935406364168358
1419.970200293112,-0.6008565888761943
1419.971177332682,0.4168990559971694
1419.9721543722521,1.3042965102291488
1419.9731314118221,0.2310548218984102
1419.9741084513923,-0.40421421450614936
1419.9750854909623,-0.702966284667398
1419.9760625305325,1.6507445398588343
1419.9770395701025,-0.8584806518628053
1419.9780166096727,-0.776101380024689
1419.9789936492427,1.5249983187319354
1419.979970688813,1.1342933465393008
1419.980947728383,0.23192148886260894
1419.9819247679532,1.4072131431392716
1419.9829018075231,-0.07088314908336811
1419.9838788470934,-1.341757138849427
1419.9848558866634,1.9051784148411208
1419.9858329262336,0.1906167600300752
1419.9868099658036,-0.38343570709990055
1419.9877870053738,-0.9512141343429248
1419.9887640449438,-0.3557326636693335
1419.989741084514,0.9074835316400188
1419.990718124084,1.1448687774515693
1419.9916951636542,-0.4046416942633055
1419.9926722032242,0.6554651711003658
1419.9936492427944,0.2871996890145798
1419.9946262823644,-1.0320277244096117
1419.9956033219346,0.13559173145472928
1419.9965803615046,-0.05374434205082229
1419.9975574010748,0.023652106342291354
1419.9985344406448,-0.1130725187217918
1419.999511480215,2.212963133318917
1420.000488519785,-1.3179705361039962
1420.0014655593552,-0.3413668772252693
1420.0024425989252,0.08146743571943678
1420.0034196384954,0.9669888788393405
1420.0043966780654,-1.919639335323746
1420.0053737176356,-0.3842622464058215
1420.0063507572056,1.0607797128522989
1420.0073277967758,1.7869732534545661
1420.0083048363458,1.1984844954628047
1420.009281875916,-0.8295849493595872
1420.010258915486,-1.513112752669667
1420.0112359550562,0.5275497068489586
1420.0122129946262,0.7971490099671295
1420.0131900341964,0.9762406079640857
1420.0141670737664,0.29178131735063356
1420.0151441133366,1.1928856103687944
1420.0161211529066,-0.3747775828090752
1420.0170981924769,1.7725418392998902
1420.0180752320468,-1.831355750290539
1420.019052271617,-0.8657726304158919
1420.020029311187,1.1926145451522976
1420.0210063507573,-0.5031528824079055
1420.0219833903273,-0.9195572093171246
1420.0229604298975,-0.16557619868210807
1420.0239374694675,0.6352257596722584
1420.0249145090377,0.11572555048350378
1420.0258915486077,-1.2683720336871367
1420.0268685881779,-0.722606633452634
1420.0278456277479,0.25746925040965934
1420.028822667318,-1.6916443915703814
1420.029799706888,-1.2891679982944786
1420.0307767464583,0.8343350802372608
1420.0317537860283,-0.19334359403754708
1420.0327308255985,0.06653468976697867
1420.0337078651685,-0.8089974110010236
1420.0346849047387,1.817304098915777
1420.0356619443087,-0.7552386598123253
1420.036638983879,1.2691714860913277
1420.037616023449,0.44115180081796496
1420.038593063019,-0.004104031921775798
1420.039570102589,0.3047540552666929
1420.0405471421593,-1.0233098460268588
1420.0415241817293,0.09950809758212564
1420.0425012212995,-0.5636574195248484
1420.0434782608695,-1.7672738869664035
1420.0444553004397,0.4702738815984163
1420.0454323400097,0.6992252272386134
1420.04640937958,0.48746366403084923
1420.04738641915,-0.1536086460834146
1420.0483634587201,-1.3825277761628305
1420.0493404982901,-2.0570415971013527
1420.0503175378603,-0.5185390691701763
1420.0512945774303,1.6448598935994168
1420.0522716170005,-0.7249189924784479
1420.0532486565705,1.3013194521153957
1420.0542256961407,0.9934135319613288
1420.0552027357107,0.9955764346048153
1420.056179775281,-0.627142000851486
1420.057156814851,2.1350131297970245
1420.0581338544212,-0.38282363309941336
1420.0591108939911,-1.297363710176997
1420.0600879335614,0.6504770406690484
1420.0610649731314,0.5826558876529092
1420.0620420127016,0.29469634943918216
1420.0630190522716,-1.2189533813511422
1420.0639960918418,-0.6239327301280424
1420.0649731314118,0.592443898412263
1420.065950170982,-1.423113719654318
1420.066927210552,0.4693657591899835
1420.0679042501222,1.3981311938951415
1420.0688812896922,0.023635236465882607
1420.0698583292624,1.59933319032719
1420.0708353688324,0.04916021559571284
1420.0718124084026,2.0836313678715515
1420.0727894479726,-0.6383982371899367
1420.0737664875428,0.3121777853655223
1420.0747435271128,-0.31955654449504844
1420.075720566683,1.2256280751372721
1420.076697606253,0.4308675395598779
1420.0776746458232,0.903135016378747
1420.0786516853932,0.026017502313939546
1420.0796287249634,-0.1739344208233059
1420.0806057645334,-0.1149571292953991
1420.0815828041036,-0.012384484677328078
1420.0825598436736,1.7778813075907398
1420.0835368832438,-0.46118333281146473
1420.0845139228138,-1.299434429161844
1420.085490962384,-1.6788155765926267
1420.086468001954,-0.5651920225685851
1420.0874450415242,1.2411607716217175
1420.0884220810942,-0.49004892402806277
1420.0893991206644,2.095563158591929
1420.0903761602344,-0.6475859325225066
1420.0913531998046,2.1706910796061183
1420.0923302393746,-0.9087550181293722
1420.0933072789448,-0.440006660139316
1420.0942843185148,-0.9023544569031087
1420.095261358085,0.25704425733187547
1420.096238397655,-0.06677464750094973
1420.0972154372253,-0.8970061879591406
1420.0981924767952,0.6364815963584458
1420.0991695163655,-0.3066384232527629
1420.1001465559355,-0.9426438353268827
1420.1011235955057,2.0262358082862337
1420.1021006350757,-2.2559354655972754
1420.1030776746459,0.47929611411935963
1420.1040547142159,-0.33876338531523176
1420.105031753786,0.1905126923140895
1420.106008793356,0.7925048935158809
1420.1069858329263,1.355423474762264
1420.1079628724963,0.3275503134599157
1420.1089399120665,-0.0319704569940562
1420.1099169516365,-1.0807950712926573
1420.1108939912067,0.8304086711973617
1420.1118710307767,-1.048127754138826
1420.112848070347,-0.34589435162133725
1420.113825109917,-1.22141161412204
1420.114802149487,-2.251621057166967
1420.115779189057,1.744826491560786
1420.1167562286273,-0.23964662173583678
1420.1177332681973,2.0812121580243703
1420.1187103077675,0.3079524976620941
1420.1196873473375,1.007888653072672
1420.1206643869077,-0.02440568681800633
1420.1216414264777,0.7134009129983322
1420.122618466048,-1.7384193236227736
1420.123595505618,-0.015304711763377955
1420.1245725451881,-0.013113445144911544
1420.1255495847581,0.4265565739427075
1420.1265266243283,-1.1001640942829753
1420.1275036638983,-0.5858075847334405
1420.1284807034685,2.1870532925224806
1420.1294577430385,-2.1638500406880414
1420.1304347826087,-0.17858686002780028
1420.1314118221787,-2.1489729394756605
1420.132388861749,0.5026050358720933
1420.133365901319,-0.21894742772262596
1420.1343429408892,0.005587592652476024
1420.1353199804591,0.6189637978193488
1420.1362970200294,0.047797217151534455
1420.1372740595993,1.5266000815041951
1420.1382510991696,0.847000236332534
1420.1392281387396,0.5335907659596731
1420.1402051783098,2.077768947086917
1420.1411822178798,-0.8155151128703624
1420.14215925745,-2.240548490272936
1420.14313629702,-0.46145979743140014
1420.1441133365902,-0.5355654983246112
1420.1450903761602,-0.4122632924864001
1420.1460674157304,-0.9461716555286855
1420.1470444553004,0.48406908983503266
1420.1480214948706,0.18182548552421032
1420.1489985344406,-1.6515114119169019
1420.1499755740108,-1.1908516715173567
1420.1509526135808,-0.8624477066354967
1420.151929653151,-0.30909306848857065
1420.152906692721,1.1381286979233014
1420.1538837322912,-1.4343078363020243
1420.1548607718612,0.7481772711115333
1420.1558378114314,-0.3381229484377986
1420.1568148510014,-0.914879445411202
1420.1577918905716,-0.9857445186484467
1420.1587689301416,0.6934460536753976
1420.1597459697118,-0.49180568849862993
1420.1607230092818,-1.1865088048985934
1420.161700048852,0.4373879209853179
1420.162677088422,-0.21731500686076585
1420.1636541279922,-0.35450250564272384
1420.1646311675622,-1.8436910719419335
1420.1656082071324,-0.7166221560328345
1420.1665852467024,-0.39464867692557326
1420.1675622862726,0.4397250035911224
1420.1685393258426,-0.7048707804526353
1420.1695163654128,0.13502192741436864
1420.1704934049828,1.3746425224970782
1420.171470444553,-0.6115142272816214
1420.172447484123,1.343789937170376
1420.1734245236933,-1.1718600523824663
1420.1744015632632,0.29230859633741146
1420.1753786028335,-0.4290085941328816
1420.1763556424035,1.5681623572329202
1420.1773326819737,0.4267515030598135
1420.1783097215437,0.18086994581079913
1420.1792867611139,1.2646750635734123
1420.1802638006839,-1.8530200336440026
1420.181240840254,0.03866905396285176
1420.182217879824,-2.3819047297492197
1420.1831949193943,0.5310722899142059
1420.1841719589643,0.23239643898634302
1420.1851489985345,0.821207110461022
1420.1861260381045,0.03481685063104528
1420.1871030776747,-0.5165626373592384
1420.1880801172447,-1.9787367441839716
1420.189057156815,0.36774361312735476
1420.1900341963849,0.14299619088554247
1420.191011235955,1.3977517559853534
1420.191988275525,1.519428848278177
1420.1929653150953,-0.40962406322125244
1420.1939423546653,0.5726155619919033
1420.1949193942355,-1.139200182939116
1420.1958964338055,1.0177885627732794
1420.1968734733757,2.009102631050448
1420.1978505129457,-0.678467078393071
1420.198827552516,-0.3305212897142735
1420.199804592086,0.15809906752030822
1420.2007816316561,-0.8152098264621577
1420.2017586712261,1.9614556242239347
1420.2027357107963,0.9025804282489962
1420.2037127503663,-1.1624611084817449
1420.2046897899365,2.180910105743731
1420.2056668295065,0.163177315374849
1420.2066438690767,-0.2599751375291065
1420.2076209086467,-2.285158841867938
1420.208597948217,-1.5342614882667156
1420.209574987787,0.2375309377716781
1420.2105520273572,1.6678935053379182
1420.2115290669271,2.7121246086864335
1420.2125061064974,0.13960834401464944
1420.2134831460673,0.8448720167408524
1420.2144601856376,-0.02861508222684244
1420.2154372252076,0.665716669114614
1420.2164142647778,0.2585164356702926
1420.2173913043478,-0.36437008342891336
1420.218368343918,0.44270698388427665
1420.219345383488,-0.7268785376059113
1420.2203224230582,-2.183426304632694
1420.2212994626282,0.024949636241637818
1420.2222765021984,0.8044507239035738
1420.2232535417684,-0.6696173236150619
1420.2242305813386,-0.4950091578420314
1420.2252076209086,0.1716569089631451
1420.2261846604788,-0.23379880788078364
1420.2271617000488,-1.508126031370568
1420.228138739619,-0.07873301173370392
1420.229115779189,-0.1868502937217143
1420.2300928187592,-0.6018806256069825
1420.2310698583292,-1.1465960087479055
1420.2320468978994,-1.8111171115364422
1420.2330239374694,2.0292570632007165
1420.2340009770396,-0.797147175097059
1420.2349780166096,2.160744211030302
1420.2359550561798,0.8827930732103161
1420.2369320957498,0.6062614775453872
1420.23790913532,1.0319768292235145
1420.23888617489,-0.11555776589067464
1420.2398632144602,-0.348663301499552
1420.2408402540302,-2.626056607931801
1420.2418172936004,-0.08733951323412334
1420.2427943331704,-0.9763191956646466
1420.2437713727406,-0.11860572412629915
1420.2447484123106,0.8771410002731168
1420.2457254518808,0.464401063746058
1420.2467024914508,-0.17568510425222122
1420.247679531021,-1.1150790731128337
1420.248656570591,0.018712777563948055
1420.2496336101613,1.5516902163734978
1420.2506106497312,0.6561404952044932
1420.2515876893015,0.004922485876378613
1420.2525647288714,-0.4284950995726652
1420.2535417684417,0.8813818351576704
1420.2545188080117,-0.243928214956596
1420.2554958475819,0.1919981702935673
1420.2564728871519,-0.5259322304512191
1420.257449926722,2.047309949365663
1420.258426966292,1.4648006069390331
1420.2594040058623,1.6725986854039647
1420.2603810454323,1.2771334321554628
1420.2613580850025,-1.0757663703729539
1420.2623351245725,-0.9520374718208849
1420.2633121641427,0.22533994850467076
1420.2642892037127,-0.3464950733995049
1420.265266243283,1.7917012007904873
1420.2662432828529,-0.0053048216353580036
1420.267220322423,-0.7952960299685149
1420.268197361993,0.034209798985785744
1420.2691744015633,0.29969223721934424
1420.2701514411333,-0.2927023199762651
1420.2711284807035,-0.8622267784095463
1420.2721055202735,-0.4736653790799459
1420.2730825598437,0.22352871219946252
1420.2740595994137,-0.1726100607157311
1420.275036638984,1.1631289609996474
1420.276013678554,0.5067917645688648
1420.2769907181241,-0.19906270821518407
1420.2779677576941,0.18862349661091665
1420.2789447972643,1.0068742116944875
1420.2799218368343,1.4599573560356807
1420.2808988764045,2.7948181281760784
1420.2818759159745,0.42183611495729384
1420.2828529555447,0.7040156985972931
1420.2838299951147,0.6490927276970676
1420.284807034685,0.37223222672286094
1420.285784074255,1.6538797702998813
1420.2867611138252,0.058241837646494043
1420.2877381533951,0.46295715955222283
1420.2887151929654,0.16964352466014987
1420.2896922325353,-0.1998251187290423
1420.2906692721056,1.7197153660786948
1420.2916463116755,1.6218068789257007
1420.2926233512458,3.1337496866486108
1420.2936003908158,0.7017323182712363
1420.294577430386,0.05187391818836962
1420.295554469956,1.401041184909711
1420.2965315095262,1.9260608734290323
1420.2975085490962,1.031865409073219
1420.2984855886664,2.1001112464670566
1420.2994626282364,0.43331062197599246
1420.3004396678066,1.9819751477939296
1420.3014167073766,2.0016699428137374
1420.3023937469468,1.5514469097309451
1420.3033707865168,1.9722934960183842
1420.304347826087,2.6594071476376016
1420.305324865657,1.949419803354913
1420.3063019052272,3.5444541230470783
1420.3072789447972,2.1766287115275667
1420.3082559843674,2.245778028701843
1420.3092330239374,0.1781925640415991
1420.3102100635076,2.2935604508778846
1420.3111871030776,2.8055900800615383
1420.3121641426478,3.1088992741066037
1420.3131411822178,2.8378606025140147
1420.314118221788,0.5834681768171786
1420.315095261358,2.0463093837932207
1420.3160723009282,1.5165339858626858
1420.3170493404982,1.889147594255197
1420.3180263800684,1.3159258472727373
1420.3190034196384,3.1058129356935082
1420.3199804592086,2.625510236077511
1420.3209574987786,3.2111213180212514
1420.3219345383488,1.1466583476670604
1420.3229115779188,2.893018341230407
1420.323888617489,4.829168331163328
1420.324865657059,2.0374685364135763
1420.3258426966293,3.624565237997418
1420.3268197361992,2.3919526490789176
1420.3277967757695,2.2993259307489913
1420.3287738153394,3.3172019134457638
1420.3297508549097,6.021480060525263
1420.3307278944797,2.1152932763857226
1420.3317049340499,2.7981118475550537
1420.3326819736199,3.34093676207583
1420.33365901319,3.4121065010728993
1420.33463605276,4.992394446941893
1420.3356130923303,4.035985468629834
1420.3365901319003,4.8561741445334015
1420.3375671714705,3.693601179952579
1420.3385442110405,4.070476079229995
1420.3395212506107,5.334812928863939
1420.3404982901807,4.25552730786741
1420.341475329751,5.806875137939742
1420.3424523693209,6.24445153071489
1420.343429408891,7.782491956412695
1420.344406448461,5.554430470657624
1420.3453834880313,7.3267276433089465
1420.3463605276013,4.6099705068042045
1420.3473375671715,6.984424818274339
1420.3483146067415,5.196410930991912
1420.3492916463117,3.930052561629904
1420.3502686858817,4.301084611236396
1420.351245725452,5.7314033941442535
1420.352222765022,5.962426877749178
1420.3531998045921,6.610199355023905
1420.354176844162,5.971070192861546
1420.3551538837323,5.584531632684298
1420.3561309233023,7.536996349546223
1420.3571079628725,7.731812832348015
1420.3580850024425,7.168586227353113
1420.3590620420127,7.699742426140557
1420.3600390815827,6.118124540381218
1420.361016121153,6.6700553307110955
1420.361993160723,7.948315409066491
1420.3629702002931,7.872707639571751
1420.3639472398631,7.1425646709637425
1420.3649242794334,8.441673597146222
1420.3659013190033,8.920592060323118
1420.3668783585736,9.159066331654014
1420.3678553981435,8.280124616961464
1420.3688324377138,7.6196144620598165
1420.3698094772838,9.648381537119922
1420.370786516854,8.316903537327597
1420.371763556424,7.078916357283157
1420.3727405959942,7.692978414202516
1420.3737176355642,9.251743750068878
1420.3746946751344,8.05577321463922
1420.3756717147044,7.154659661421357
1420.3766487542746,9.970012562654768
1420.3776257938446,6.971264446798086
1420.3786028334148,9.718944115695527
1420.3795798729848,9.78518951817944
1420.380556912555,9.594748152459205
1420.381533952125,8.392384064196701
1420.3825109916952,11.62539324436503
1420.3834880312652,10.252861640262138
1420.3844650708354,9.198618170877925
1420.3854421104054,9.82720321868995
1420.3864191499756,9.303623085958101
1420.3873961895456,8.999139176955241
1420.3883732291158,10.818905721481613
1420.3893502686858,10.885110832104333
1420.390327308256,10.21284892558078
1420.391304347826,9.741932962788235
1420.3922813873962,9.62570665161812
1420.3932584269662,8.699914988812486
1420.3942354665364,10.981274407875107
1420.3952125061064,9.954266829778218
1420.3961895456766,9.177991187047033
1420.3971665852466,8.337830710515192
1420.3981436248168,11.201730805778904
1420.3991206643868,11.065746254950879
1420.400097703957,9.518262772078298
1420.401074743527,9.57301868773145
1420.4020517830972,9.053292159517733
1420.4030288226672,10.790156947691921
1420.4040058622375,10.924244458631408
1420.4049829018074,9.23348434600409
1420.4059599413777,10.792693646383782
1420.4069369809476,10.657296250588702
1420.4079140205179,10.308295788442424
1420.4088910600879,8.715025500736738
1420.409868099658,10.093734333231595
1420.410845139228,8.475993063990545
1420.4118221787983,8.947277783607769
1420.4127992183683,10.82678858467645
1420.4137762579385,9.105527067321445
1420.4147532975085,9.101558834863406
1420.4157303370787,8.374671419973785
1420.4167073766487,9.991475837056736
1420.417684416219,8.820091981286492
1420.4186614557889,9.045361050654012
1420.419638495359,6.9528668369597835
1420.420615534929,8.301321216501764
1420.4215925744993,8.969654233699078
1420.4225696140693,8.554328572533402
1420.4235466536395,9.003799688646914
1420.4245236932095,8.871018854413443
1420.4255007327797,10.394754155010984
1420.4264777723497,8.661851617312063
1420.42745481192,8.128838585760274
1420.42843185149,9.310102906323245
1420.4294088910601,9.004959145790348
1420.43038593063,7.51469391046459
1420.4313629702003,7.493414519769673
1420.4323400097703,9.104831428920617
1420.4333170493405,6.722985902984075
1420.4342940889105,8.148151203883486
1420.4352711284807,7.131756345910549
1420.4362481680507,8.055056621635517
1420.437225207621,6.4416994262899046
1420.438202247191,8.93556573441545
1420.4391792867611,7.710557824178402
1420.4401563263311,8.969370391066061
1420.4411333659014,7.247538781938288
1420.4421104054713,6.5177358431098344
1420.4430874450416,6.819391872153274
1420.4440644846115,6.537577004751923
1420.4450415241818,5.572734272888031
1420.4460185637517,8.286453196316689
1420.446995603322,5.28244545704165
1420.447972642892,3.793023028911308
1420.4489496824622,7.9869356434447
1420.4499267220322,6.6708160795893
1420.4509037616024,5.151803938695473
1420.4518808011724,5.333391543654157
1420.4528578407426,6.0180980052596045
1420.4538348803126,4.96221178632793
1420.4548119198828,5.637648134600671
1420.4557889594528,5.141628378631326
1420.456765999023,7.882039917906969
1420.457743038593,5.644255775996869
1420.4587200781632,4.500710524202729
1420.4596971177332,5.875587010489403
1420.4606741573034,3.9483726434795012
1420.4616511968734,5.077439818696182
1420.4626282364436,3.546297269332755
1420.4636052760136,5.172902575454767
1420.4645823155838,3.5101591509731564
1420.4655593551538,4.2074251551028885
1420.466536394724,5.071241027401474
1420.467513434294,3.171435354159236
1420.4684904738642,4.428339888571697
1420.4694675134342,3.3992053755140845
1420.4704445530044,4.152143087356035
1420.4714215925744,3.739842874933324
1420.4723986321446,4.310088424865296
1420.4733756717146,2.0442623098087243
1420.4743527112848,3.5557245585896182
1420.4753297508548,2.7147506617946986
1420.476306790425,1.7085583426536248
1420.477283829995,3.1133568531861497
1420.4782608695652,4.280943585336307
1420.4792379091352,1.5152925548987162
1420.4802149487055,2.687308563462238
1420.4811919882754,2.361001438038779
1420.4821690278457,3.6366705836226343
1420.4831460674156,4.758688405718824
1420.4841231069859,3.8244835939536332
1420.4851001465559,3.601658099248649
1420.486077186126,1.5460014901382695
1420.487054225696,0.15846670152078435
1420.4880312652663,2.7185029127791918
1420.4890083048363,2.106862337975367
1420.4899853444065,1.6344314590983107
1420.4909623839765,1.9445698710377826
1420.4919394235467,0.9749415608467933
1420.4929164631167,0.9067604741506945
1420.493893502687,0.9822830368868576
1420.4948705422569,0.8704838513507547
1420.495847581827,3.0948157415850193
1420.496824621397,3.1373521469307244
1420.4978016609673,2.1907413410675076
1420.4987787005373,0.9903620881218109
1420.4997557401075,2.1192228133892574
1420.5007327796775,4.3296784054885435
1420.5017098192477,0.7670394023190952
1420.5026868588177,1.9146075589352543
1420.503663898388,1.4043450263694957
1420.504640937958,0.29128387416032075
1420.5056179775281,1.9383207489600602
1420.506595017098,2.6372656989794034
1420.5075720566683,0.46014305671034983
1420.5085490962383,1.585326946472156
1420.5095261358085,0.7815802039503931
1420.5105031753785,0.6190027536059183
1420.5114802149487,-0.11964193019025893
1420.5124572545187,2.974621189704389
1420.513434294089,1.5706948826279314
1420.514411333659,2.364498454229013
1420.5153883732291,1.073094076082044
1420.5163654127991,-0.2063211726519968
1420.5173424523693,1.4125704575391123
1420.5183194919393,0.3102565323621744
1420.5192965315096,1.0852260453469622
1420.5202735710795,0.4223668108711794
1420.5212506106498,-0.023657730888143158
1420.5222276502197,0.43450609351576297
1420.52320468979,1.146484861598636
1420.52418172936,0.09712197448418752
1420.5251587689302,-1.4549549545220297
1420.5261358085002,1.0269789944697247
1420.5271128480704,1.2432820680439667
1420.5280898876404,0.8382445972032209
1420.5290669272106,2.5464195268044794
1420.5300439667806,-0.1269114179611764
1420.5310210063508,-1.0664371763966742
1420.5319980459208,-1.359415472384123
1420.532975085491,0.5919034912157715
1420.533952125061,0.20507380666741487
1420.5349291646312,-0.708407820100834
1420.5359062042012,-1.6565550131490099
1420.5368832437714,2.3571519382935917
1420.5378602833414,0.22050894222181291
1420.5388373229116,-1.672838169614239
1420.5398143624816,0.23037184961955753
1420.5407914020518,-0.26397849529972306
1420.5417684416218,-0.8805693872429867
1420.542745481192,-0.06246905632831226
1420.543722520762,-0.4846839471466525
1420.5446995603322,0.8696179994217508
1420.5456765999022,-0.6843549156559792
1420.5466536394724,-0.4079716405740936
1420.5476306790424,-0.8999407659408173
1420.5486077186126,-0.8488599072852373
1420.5495847581826,-0.9603154891660864
1420.5505617977528,-1.4436005154958766
1420.5515388373228,0.08050219167699062
1420.552515876893,0.6120659412937808
1420.553492916463,-0.48690568664637157
1420.5544699560332,-0.0914473222164623
1420.5554469956032,-0.6573160184559224
1420.5564240351734,-1.1283536710024091
1420.5574010747434,0.9400957671542017
1420.5583781143137,-0.16152134278201696
1420.5593551538836,0.1434939330746997
1420.5603321934539,-1.248998771915478
1420.5613092330238,-0.7969556303012928
1420.562286272594,-0.058117833068856976
1420.563263312164,-0.45216745715695694
1420.5642403517343,-0.9960535283441745
1420.5652173913043,-1.4585835536050844
1420.5661944308745,0.9691517689977804
1420.5671714704445,0.6076766309305432
1420.5681485100147,-0.2665601748312029
1420.5691255495847,-0.8608398072058303
1420.5701025891549,1.7383123581539321
1420.5710796287249,-0.1744971227734078
1420.572056668295,1.90844087115446
1420.573033707865,-0.04156148887354122
1420.5740107474353,0.17280318817789952
1420.5749877870053,-0.2322778263796739
1420.5759648265755,-0.776039982553419
1420.5769418661455,1.8050713294336196
1420.5779189057157,0.290971967078901
1420.5788959452857,0.5392741725661708
1420.579872984856,-1.3354691070673834
1420.580850024426,0.22238618021186798
1420.5818270639961,1.1014109779570962
1420.582804103566,0.9704636070988046
1420.5837811431363,-0.001992379983800339
1420.5847581827063,0.7082989839952143
1420.5857352222765,-0.10680875946828784
1420.5867122618465,-1.2861736402016333
1420.5876893014167,0.792374894625921
1420.5886663409867,1.7732108319706636
1420.589643380557,1.1668377952597284
1420.590620420127,-1.2802464623910517
1420.5915974596971,-0.06012439763608428
1420.5925744992671,-0.15750782236017263
1420.5935515388373,0.048631481585493734
1420.5945285784073,0.19288127097646363
1420.5955056179776,0.5314617609436371
1420.5964826575475,1.3177268872587962
1420.5974596971178,-0.32341084076611937
1420.5984367366877,-0.5444665190693124
1420.599413776258,-0.18206529504069388
1420.600390815828,-0.08238303576309867
1420.6013678553982,-0.17221153467508352
1420.6023448949682,-1.0489177920721307
1420.6033219345384,-0.3219570253976261
1420.6042989741084,0.39503663165645003
1420.6052760136786,-0.3019047057081622
1420.6062530532486,0.5951777969764545
1420.6072300928188,-0.690214476870588
1420.6082071323888,-0.6025493953922614
1420.609184171959,0.08631739152582328
1420.610161211529,0.8996500353660841
1420.6111382510992,1.0903356605580494
1420.6121152906692,1.4827995001600325
1420.6130923302394,0.477603572388667
1420.6140693698094,1.0776160111488753
1420.6150464093796,0.24977545393690645
1420.6160234489496,-1.0658075705486676
1420.6170004885198,-1.731771931183579
1420.6179775280898,2.0395753796164584
1420.61895456766,-0.46331795155890004
1420.61993160723,-0.0005645903435349128
1420.6209086468002,1.670442803708975
1420.6218856863702,0.7736840933286592
1420.6228627259404,-0.20343068531735
1420.6238397655104,0.4495986676201505
1420.6248168050806,0.2923453490272143
1420.6257938446506,-0.704367672327969
1420.6267708842208,-0.998353744903752
1420.6277479237908,-0.3521935659985084
1420.628724963361,1.0650241231842312
1420.629702002931,0.3318712262348677
1420.6306790425012,0.7694272308397007
1420.6316560820712,0.694723458730089
1420.6326331216414,1.4077209935764745
1420.6336101612114,0.5916212650648057
1420.6345872007817,1.3477796904052919
1420.6355642403516,0.09580953412025993
1420.6365412799219,0.206722385215495
1420.6375183194918,-0.5148397375645053
1420.638495359062,-1.3510986060236903
1420.639472398632,-1.1185816077549227
1420.6404494382023,-1.5069759942254173
1420.6414264777723,-0.8102806409620092
1420.6424035173425,-0.6960052342951281
1420.6433805569125,1.8671764074344301
1420.6443575964827,2.170512303908924
1420.6453346360527,-1.2020405148606572
1420.6463116756229,-0.8165453847146144
1420.6472887151929,-0.9979796819529614
1420.648265754763,-0.37443882689642444
1420.649242794333,1.0305121543884481
1420.6502198339033,0.5334477444659853
1420.6511968734733,0.9749169104784233
1420.6521739130435,-1.2900555064589905
1420.6531509526135,0.11334457473498978
1420.6541279921837,-0.08031761995917602
1420.6551050317537,-0.7015580366388514
1420.656082071324,-1.8934278851991058
1420.657059110894,0.37690423844939996
1420.658036150464,-1.720742025671647
1420.659013190034,1.768731288144949
1420.6599902296043,-0.02753138826518085
1420.6609672691743,1.1923805100008285
1420.6619443087445,0.13192418203866094
1420.6629213483145,1.20326764383035
1420.6638983878847,-0.1708377696681468
1420.6648754274547,-1.7172302898397207
1420.665852467025,-1.4088520245738827
1420.666829506595,-0.48362817383354006
1420.6678065461651,1.171989659192543
1420.6687835857351,-0.6073601553491735
1420.6697606253053,-1.1619148538011475
1420.6707376648753,-1.7830106731697772
1420.6717147044455,-1.2454248588081775
1420.6726917440155,-0.2776070811546573
1420.6736687835858,0.6784170285924879
1420.6746458231557,0.025595312790372367
1420.675622862726,-0.1774281106968395
1420.676599902296,1.1304837451586913
1420.6775769418662,0.790720598769222
1420.6785539814362,1.861258585922549
1420.6795310210064,0.8338884391339711
1420.6805080605764,-2.171125021148401
1420.6814851001466,0.6206179826422206
1420.6824621397166,1.4488469444117418
1420.6834391792868,-0.9770979218408912
1420.6844162188568,-0.3601220599068465
1420.685393258427,-1.620473588003522
1420.686370297997,-0.12372037874577128
1420.6873473375672,0.6581263442602401
1420.6883243771372,-0.7430846646168492
1420.6893014167074,0.5272856365134266
1420.6902784562774,0.6795768061678433
1420.6912554958476,-0.10857526680008166
1420.6922325354176,-0.6152783321711185
1420.6932095749878,-0.059774991852374844
1420.6941866145578,0.5351450477032165
1420.695163654128,0.5119841827561545
1420.696140693698,0.44986792047363083
1420.6971177332682,0.8385330420389884
1420.6980947728382,1.2284669615024277
1420.6990718124084,-1.0352511407244545
1420.7000488519784,-0.21711506427965876
1420.7010258915486,0.804766791596131
1420.7020029311186,0.06499804369288618
1420.7029799706888,-0.7117551168723378
1420.7039570102588,0.9341549238014951
1420.704934049829,1.4341101819568765
1420.705911089399,0.5724713171229893
1420.7068881289692,0.5736303591284473
1420.7078651685392,-0.23024776865445715
1420.7088422081094,-0.11351140087811178
1420.7098192476794,-0.4505029653102029
1420.7107962872497,2.1302274104250745
1420.7117733268196,0.004539368990830336
1420.7127503663899,-0.931270781546928
1420.7137274059598,-1.1532001040468798
1420.71470444553,-1.4225945026128042
1420.7156814851,0.28692566475889497
1420.7166585246703,1.4388416237253066
1420.7176355642403,-0.6695583661653747
1420.7186126038105,-0.8722588576651676
1420.7195896433805,-0.8877400243817019
1420.7205666829507,-0.8758316721975603
1420.7215437225207,-1.2568599504539533
1420.7225207620909,0.3610897276336949
1420.7234978016609,0.6893862114203124
1420.724474841231,-0.3121148405583239
1420.725451880801,0.8263631093470034
1420.7264289203713,0.10726292302133965
1420.7274059599413,-0.3968857125397214
1420.7283829995115,-1.9239773615053855
1420.7293600390815,1.6265203791275529
1420.7303370786517,0.8703561194194496
1420.7313141182217,1.2263166703352264
1420.732291157792,-0.593226309972102
1420.733268197362,1.942340535668027
1420.734245236932,-2.107331457434593
1420.735222276502,0.8882612177229677
1420.7361993160723,0.07763807135065416
1420.7371763556423,-0.686196782936157
1420.7381533952125,0.6798962402458271
1420.7391304347825,-0.8386210708244656
1420.7401074743527,0.5741999266825007
1420.7410845139227,1.7181911171886477
1420.742061553493,-0.006589846196804776
1420.743038593063,0.493285622591948
1420.7440156326331,0.26971642036963056
1420.7449926722031,0.7899842758998263
1420.7459697117733,0.5893472841766555
1420.7469467513433,0.4717690041749227
1420.7479237909135,-0.2835323550828266
1420.7489008304835,-0.4141850457625017
1420.7498778700538,1.5659493413769443
1420.7508549096237,-1.103941680770615
1420.751831949194,0.40138699882315904
1420.752808988764,0.859797388210863
1420.7537860283342,-1.7070037866739125
1420.7547630679042,0.5347259783968098
1420.7557401074744,-2.3022451814481513
1420.7567171470444,0.46256860706472924
1420.7576941866146,-0.41106746544413875
1420.7586712261846,0.060111554180488955
1420.7596482657548,0.14161835701834358
1420.7606253053248,-2.115813833370671
1420.761602344895,-0.6992548902675891
1420.762579384465,2.0811983224573125
1420.7635564240352,-0.6593566519073021
1420.7645334636052,1.2230611795391833
1420.7655105031754,0.6242788483837067
1420.7664875427454,0.6393137644448869
1420.7674645823156,-2.209581471874776
1420.7684416218856,1.3977501727757904
1420.7694186614558,-1.7971021279564416
1420.7703957010258,0.6543187509984008
1420.771372740596,0.7305469017582298
1420.772349780166,0.7876201858116026
1420.7733268197362,0.7247144491111203
1420.7743038593062,-0.30538197944119616
1420.7752808988764,1.516746640631985
1420.7762579384464,-1.5243689369589115
1420.7772349780166,-0.5149825348337562
1420.7782120175866,0.16283656558744566
1420.7791890571568,1.147748364159241
1420.7801660967268,-0.5556017169756547
1420.781143136297,-1.3572672278024904
1420.782120175867,0.8464704434146695
1420.7830972154372,-0.19678869295008594
1420.7840742550072,-0.7982717830621391
1420.7850512945774,0.3769750799650188
1420.7860283341474,0.5794005671939458
1420.7870053737176,-1.2001044913112942
1420.7879824132876,1.21618041709831
1420.7889594528579,0.07707867450082966
1420.7899364924278,0.45428760417469927
1420.790913531998,-1.4461293798909354
1420.791890571568,-1.3795303840318536
1420.7928676111383,0.9540491971101831
1420.7938446507083,0.6136319512675913
1420.7948216902785,1.7971279329096939
1420.7957987298485,0.9639492625003793
1420.7967757694187,0.8636128656237378
1420.7977528089887,1.7908068490493365
1420.7987298485589,0.28753554141832066
1420.7997068881289,-0.02472146756333366
1420.800683927699,1.9444820262694122
1420.801660967269,0.7439758148998857
1420.8026380068393,0.8782164007872743
1420.8036150464093,-0.46743086686620827
1420.8045920859795,0.9469924822848093
1420.8055691255495,-0.3235019497912201
1420.8065461651197,-0.46941745844038796
1420.8075232046897,1.558304605831763
1420.80850024426,0.37014963593965955
1420.80947728383,-0.15200659723285806
1420.8104543234,1.0624003528704333
1420.81143136297,0.03155036571571358
1420.8124084025403,0.6560324341495911
1420.8133854421103,0.9986789960488118
1420.8143624816805,0.7605859826918774
1420.8153395212505,0.5477029620855759
1420.8163165608207,-1.8120216354474474
1420.8172936003907,-0.48121544740319017
1420.818270639961,-0.35144088176098137
1420.819247679531,-0.9406910860421093
1420.8202247191011,-1.3034977002302293
1420.8212017586711,0.03539147239426241
1420.8221787982413,-0.021598452967262677
1420.8231558378113,-0.43156756163369947
1420.8241328773815,-0.48477518338442677
1420.8251099169515,-2.6650536560066365
1420.8260869565217,-0.3339405894772024
1420.8270639960917,-0.17280984683379783
1420.828041035662,0.19130520795036346
1420.829018075232,-1.1234515922274435
1420.8299951148022,2.670811036860644
1420.8309721543721,-0.23864745197750634
1420.8319491939424,0.7029724120426222
1420.8329262335124,1.3841914978416419
1420.8339032730826,-1.106468569829339
1420.8348803126526,0.044080204349574215
1420.8358573522228,-1.9256473825317808
1420.8368343917928,-0.0896520760028341
1420.837811431363,-0.18707126674529997
1420.838788470933,-0.9191130825939104
1420.8397655105032,-1.585220588653383
1420.8407425500732,0.9122477639885526
1420.8417195896434,1.1117930611299212
1420.8426966292134,1.648881085742981
1420.8436736687836,1.0430905498044274
1420.8446507083536,-0.9519256987468239
1420.8456277479238,0.16050641547169356
1420.8466047874938,2.166314932606761
1420.847581827064,0.2774892056721119
1420.848558866634,0.2922274891650952
1420.8495359062042,1.1229593324162332
1420.8505129457742,0.030225060835614607
1420.8514899853444,0.8098913725874627
1420.8524670249144,-0.7518728884304801
1420.8534440644846,-0.8038792638275444
1420.8544211040546,0.0610515889404271
1420.8553981436248,0.2644272022475806
1420.8563751831948,-0.7996266967352196
1420.857352222765,0.9160981904261851
1420.858329262335,-1.0137042577967066
1420.8593063019052,0.44513429162882595
1420.8602833414752,-0.3390817600360804
1420.8612603810454,-1.2203671955714153
1420.8622374206154,1.2911639166943283
1420.8632144601856,1.4814552732431794
1420.8641914997556,-0.34674065807522025
1420.8651685393259,0.09575434236053365
1420.8661455788958,-0.15103476803920937
1420.867122618466,-0.8933104865058543
1420.868099658036,-1.0181731863379277
1420.8690766976063,0.6235908901057187
1420.8700537371762,-0.6813056738673313
1420.8710307767465,-0.7576977112453521
1420.8720078163165,0.4236181829468137
1420.8729848558867,1.4464760988228174
1420.8739618954567,-0.5964824548077233
1420.8749389350269,1.5588469390844553
1420.8759159745969,-1.4491729069511392
1420.876893014167,0.8092042653960612
1420.877870053737,0.37107169593352923
1420.8788470933073,-0.6906653267155812
1420.8798241328773,-1.7694622122740002
1420.8808011724475,-0.8153899674875118
1420.8817782120175,0.4424318179283541
1420.8827552515877,-0.09709643702432331
1420.8837322911577,-0.7046259951865719
1420.884709330728,1.440226851902631
1420.885686370298,-1.5503478918823423
1420.886663409868,-0.34332297924152555
1420.887640449438,0.03604264825366494
1420.8886174890083,0.21275405272850909
1420.8895945285783,1.3406718648668297
1420.8905715681485,-0.3587316915460561
1420.8915486077185,-1.9114477490510307
1420.8925256472887,-0.5282086284303157
1420.8935026868587,-0.790338921061344
1420.894479726429,-1.1742521817781582
1420.895456765999,-0.18896276184306146
1420.8964338055691,0.2526674769597184
1420.8974108451391,-0.4020036231139912
1420.8983878847093,-1.1787975665225916
1420.8993649242793,0.656058375546403
1420.9003419638495,-0.5092139025963996
1420.9013190034195,1.187593741226369
1420.9022960429897,0.5864104533354416
1420.9032730825597,0.20988451108998443
1420.90425012213,0.93226053749804
1420.9052271617,-2.0845245018746423
1420.9062042012702,-1.7672106451574532
1420.9071812408401,-0.41751523813229297
1420.9081582804104,-1.6203327760122455
1420.9091353199804,-0.20800642988474127
1420.9101123595506,-0.38319084658014263
1420.9110893991206,1.294612449542856
1420.9120664386908,0.47328261977950886
1420.9130434782608,0.09952048318849187
1420.914020517831,-0.37514970277066156
1420.914997557401,0.5314810129559039
1420.9159745969712,-0.6379216621214681
1420.9169516365412,1.5724694166259554
1420.9179286761114,-1.2574850935703092
1420.9189057156814,-0.5500958880489881
1420.9198827552516,-0.5195197377517013
1420.9208597948216,-0.5408183868970121
1420.9218368343918,0.7839682557541056
1420.9228138739618,-1.7883900306060705
1420.923790913532,1.0427108289517082
1420.924767953102,-0.718076840130121
1420.9257449926722,-0.7795695947390205
1420.9267220322422,0.406703424515591
1420.9276990718124,0.4305245548981555
1420.9286761113824,-0.2796423300366135
1420.9296531509526,-1.0982116476635229
1420.9306301905226,0.5206196225473432
1420.9316072300928,-0.20119652242229855
1420.9325842696628,-0.7126572991864117
1420.933561309233,0.6031779251678464
1420.934538348803,-1.6335174318407366
1420.9355153883732,-0.23844724209342452
1420.9364924279432,-1.522787311018823
1420.9374694675134,-1.7520814055588518
1420.9384465070834,-1.6738162812865438
1420.9394235466536,0.412587044254321
1420.9404005862236,1.2085445544364604
1420.9413776257938,-0.31176550613139925
1420.9423546653638,2.699124618677569
1420.943331704934,0.6998141241477795
1420.944308744504,-1.526999088989792
1420.9452857840743,0.868143647651705
1420.9462628236442,0.8853433558921497
1420.9472398632145,-0.7033688614451473
1420.9482169027845,-0.9088813697015755
1420.9491939423547,-0.6152020498981894
1420.9501709819247,1.4794360491297396
1420.9511480214949,-2.2106074205832447
1420.9521250610649,0.017766049506858277
1420.953102100635,2.4386559709808733
1420.954079140205,-0.17810023020726226
1420.9550561797753,0.4938614011092607
1420.9560332193453,1.3109224513018094
1420.9570102589155,-0.25091367358561173
1420.9579872984855,-1.2824090701743078
1420.9589643380557,0.6292490383652949
1420.9599413776257,-0.8472732950741361
1420.960918417196,-0.8478967994459592
1420.961895456766,-2.6371425832509026
1420.962872496336,-1.1606050243226946
1420.963849535906,0.9906200431708008
1420.9648265754763,-0.16198559516574906
1420.9658036150463,0.08273472353709363
1420.9667806546165,0.006856067503936531
1420.9677576941865,0.6412242973348254
1420.9687347337567,-1.102507217773768
1420.9697117733267,0.010629067191194613
1420.970688812897,-0.48767858237795925
1420.971665852467,0.4095665438424471
1420.9726428920371,0.1264193565072096
1420.9736199316071,0.13626987166574278
1420.9745969711773,-0.738676039822923
1420.9755740107473,1.0836761500288652
1420.9765510503175,-0.7275592740366625
1420.9775280898875,-0.799076652448326
1420.9785051294577,0.3908289247382727
1420.9794821690277,-0.9272505965778609
1420.980459208598,0.6065172470113754
1420.981436248168,0.8570096075739424
1420.9824132877382,-0.37013189556336834
1420.9833903273081,1.1525631088928316
1420.9843673668784,-0.2583909279659037
1420.9853444064483,-0.3626324214242297
1420.9863214460186,-1.0106553812915533
1420.9872984855886,-0.12729126806764818
1420.9882755251588,0.36786759366856636
1420.9892525647288,-0.6925060084717091
1420.990229604299,1.3352603225317732
1420.991206643869,-0.5384001006108372
1420.9921836834392,-0.8519408546236891
1420.9931607230092,1.4643575410531127
1420.9941377625794,0.12283402276112582
1420.9951148021494,-0.09924844480556175
1420.9960918417196,-2.5169076876359036
1420.9970688812896,1.0833395853787795
1420.9980459208598,0.7281391062953003
1420.99902296043,1.1364233548011402
1421.0,1.9550656987592174
